Bank_id,Year,Bank_name,Sector
1,2005,AB BANK LTD.,Foreign
1,2006,AB BANK LTD.,Foreign
1,2007,AB BANK LTD.,Foreign
1,2008,AB BANK LTD.,Foreign
1,2009,AB BANK LTD.,Foreign
1,2010,AB BANK LTD.,Foreign
1,2011,AB BANK LTD.,Foreign
1,2012,AB BANK LTD.,Foreign
1,2013,AB BANK LTD.,Foreign
1,2014,AB BANK LTD.,Foreign
1,2015,AB BANK LTD.,Foreign
1,2016,AB BANK LTD.,Foreign
1,2017,AB BANK LTD.,Foreign
1,2018,AB BANK LTD.,Foreign
1,2019,AB BANK LTD.,Foreign
1,2020,AB BANK LTD.,Foreign
2,2005,ABU DHABI COMMERCIAL BANK,Foreign
2,2006,ABU DHABI COMMERCIAL BANK,Foreign
2,2007,ABU DHABI COMMERCIAL BANK,Foreign
2,2008,ABU DHABI COMMERCIAL BANK,Foreign
2,2009,ABU DHABI COMMERCIAL BANK,Foreign
2,2010,ABU DHABI COMMERCIAL BANK,Foreign
2,2011,ABU DHABI COMMERCIAL BANK,Foreign
2,2012,ABU DHABI COMMERCIAL BANK,Foreign
2,2013,ABU DHABI COMMERCIAL BANK,Foreign
2,2014,ABU DHABI COMMERCIAL BANK,Foreign
2,2015,ABU DHABI COMMERCIAL BANK,Foreign
2,2016,ABU DHABI COMMERCIAL BANK,Foreign
2,2017,ABU DHABI COMMERCIAL BANK,Foreign
2,2018,ABU DHABI COMMERCIAL BANK,Foreign
2,2019,ABU DHABI COMMERCIAL BANK,Foreign
2,2020,ABU DHABI COMMERCIAL BANK,Foreign
3,2005,ALLAHABAD BANK,Public
3,2006,ALLAHABAD BANK,Public
3,2007,ALLAHABAD BANK,Public
3,2008,ALLAHABAD BANK,Public
3,2009,ALLAHABAD BANK,Public
3,2010,ALLAHABAD BANK,Public
3,2011,ALLAHABAD BANK,Public
3,2012,ALLAHABAD BANK,Public
3,2013,ALLAHABAD BANK,Public
3,2014,ALLAHABAD BANK,Public
3,2015,ALLAHABAD BANK,Public
3,2016,ALLAHABAD BANK,Public
3,2017,ALLAHABAD BANK,Public
3,2018,ALLAHABAD BANK,Public
3,2019,ALLAHABAD BANK,Public
3,2020,ALLAHABAD BANK,Public
4,2005,AMERICAN EXPRESS BANKING CORP.,Foreign
4,2006,AMERICAN EXPRESS BANKING CORP.,Foreign
4,2007,AMERICAN EXPRESS BANKING CORP.,Foreign
4,2009,AMERICAN EXPRESS BANKING CORP.,Foreign
4,2010,AMERICAN EXPRESS BANKING CORP.,Foreign
4,2011,AMERICAN EXPRESS BANKING CORP.,Foreign
4,2012,AMERICAN EXPRESS BANKING CORP.,Foreign
4,2013,AMERICAN EXPRESS BANKING CORP.,Foreign
4,2014,AMERICAN EXPRESS BANKING CORP.,Foreign
4,2015,AMERICAN EXPRESS BANKING CORP.,Foreign
4,2016,AMERICAN EXPRESS BANKING CORP.,Foreign
4,2017,AMERICAN EXPRESS BANKING CORP.,Foreign
4,2018,AMERICAN EXPRESS BANKING CORP.,Foreign
4,2019,AMERICAN EXPRESS BANKING CORP.,Foreign
4,2020,AMERICAN EXPRESS BANKING CORP.,Foreign
5,2005,ANDHRA BANK,Public
5,2006,ANDHRA BANK,Public
5,2007,ANDHRA BANK,Public
5,2008,ANDHRA BANK,Public
5,2009,ANDHRA BANK,Public
5,2010,ANDHRA BANK,Public
5,2011,ANDHRA BANK,Public
5,2012,ANDHRA BANK,Public
5,2013,ANDHRA BANK,Public
5,2014,ANDHRA BANK,Public
5,2015,ANDHRA BANK,Public
5,2016,ANDHRA BANK,Public
5,2017,ANDHRA BANK,Public
5,2018,ANDHRA BANK,Public
5,2019,ANDHRA BANK,Public
5,2020,ANDHRA BANK,Public
6,2012,AUSTRALIA AND NEW ZEALAND BANKING GROUP LTD.,Foreign
6,2013,AUSTRALIA AND NEW ZEALAND BANKING GROUP LTD.,Foreign
6,2014,AUSTRALIA AND NEW ZEALAND BANKING GROUP LTD.,Foreign
6,2015,AUSTRALIA AND NEW ZEALAND BANKING GROUP LTD.,Foreign
6,2016,AUSTRALIA AND NEW ZEALAND BANKING GROUP LTD.,Foreign
6,2017,AUSTRALIA AND NEW ZEALAND BANKING GROUP LTD.,Foreign
6,2018,AUSTRALIA AND NEW ZEALAND BANKING GROUP LTD.,Foreign
6,2019,AUSTRALIA AND NEW ZEALAND BANKING GROUP LTD.,Foreign
6,2020,AUSTRALIA AND NEW ZEALAND BANKING GROUP LTD.,Foreign
7,2005,AXIS BANK,Private
7,2006,AXIS BANK,Private
7,2007,AXIS BANK,Private
7,2008,AXIS BANK,Private
7,2009,AXIS BANK,Private
7,2010,AXIS BANK,Private
7,2011,AXIS BANK,Private
7,2012,AXIS BANK,Private
7,2013,AXIS BANK,Private
7,2014,AXIS BANK,Private
7,2015,AXIS BANK,Private
7,2016,AXIS BANK,Private
7,2017,AXIS BANK,Private
7,2018,AXIS BANK,Private
7,2019,AXIS BANK,Private
7,2020,AXIS BANK,Private
8,2016,BANDHAN BANK LTD.,Private
8,2017,BANDHAN BANK LTD.,Private
8,2018,BANDHAN BANK LTD.,Private
8,2019,BANDHAN BANK LTD.,Private
8,2020,BANDHAN BANK LTD.,Private
9,2005,BANK OF AMERICA N.A.,Foreign
9,2006,BANK OF AMERICA N.A.,Foreign
9,2007,BANK OF AMERICA N.A.,Foreign
9,2008,BANK OF AMERICA N.A.,Foreign
9,2009,BANK OF AMERICA N.A.,Foreign
9,2010,BANK OF AMERICA N.A.,Foreign
9,2011,BANK OF AMERICA N.A.,Foreign
9,2012,BANK OF AMERICA N.A.,Foreign
9,2013,BANK OF AMERICA N.A.,Foreign
9,2014,BANK OF AMERICA N.A.,Foreign
9,2015,BANK OF AMERICA N.A.,Foreign
9,2016,BANK OF AMERICA N.A.,Foreign
9,2017,BANK OF AMERICA N.A.,Foreign
9,2018,BANK OF AMERICA N.A.,Foreign
9,2019,BANK OF AMERICA N.A.,Foreign
9,2020,BANK OF AMERICA N.A.,Foreign
10,2005,BANK OF BAHRAIN & KUWAIT B.S.C.,Foreign
10,2006,BANK OF BAHRAIN & KUWAIT B.S.C.,Foreign
10,2007,BANK OF BAHRAIN & KUWAIT B.S.C.,Foreign
10,2008,BANK OF BAHRAIN & KUWAIT B.S.C.,Foreign
10,2009,BANK OF BAHRAIN & KUWAIT B.S.C.,Foreign
10,2010,BANK OF BAHRAIN & KUWAIT B.S.C.,Foreign
10,2011,BANK OF BAHRAIN & KUWAIT B.S.C.,Foreign
10,2012,BANK OF BAHRAIN & KUWAIT B.S.C.,Foreign
10,2013,BANK OF BAHRAIN & KUWAIT B.S.C.,Foreign
10,2014,BANK OF BAHRAIN & KUWAIT B.S.C.,Foreign
10,2015,BANK OF BAHRAIN & KUWAIT B.S.C.,Foreign
10,2016,BANK OF BAHRAIN & KUWAIT B.S.C.,Foreign
10,2017,BANK OF BAHRAIN & KUWAIT B.S.C.,Foreign
10,2018,BANK OF BAHRAIN & KUWAIT B.S.C.,Foreign
10,2019,BANK OF BAHRAIN & KUWAIT B.S.C.,Foreign
10,2020,BANK OF BAHRAIN & KUWAIT B.S.C.,Foreign
11,2005,BANK OF BARODA,Public
11,2006,BANK OF BARODA,Public
11,2007,BANK OF BARODA,Public
11,2008,BANK OF BARODA,Public
11,2009,BANK OF BARODA,Public
11,2010,BANK OF BARODA,Public
11,2011,BANK OF BARODA,Public
11,2012,BANK OF BARODA,Public
11,2013,BANK OF BARODA,Public
11,2014,BANK OF BARODA,Public
11,2015,BANK OF BARODA,Public
11,2016,BANK OF BARODA,Public
11,2017,BANK OF BARODA,Public
11,2018,BANK OF BARODA,Public
11,2019,BANK OF BARODA,Public
11,2020,BANK OF BARODA,Public
12,2005,BANK OF CEYLON,Foreign
12,2006,BANK OF CEYLON,Foreign
12,2007,BANK OF CEYLON,Foreign
12,2008,BANK OF CEYLON,Foreign
12,2009,BANK OF CEYLON,Foreign
12,2010,BANK OF CEYLON,Foreign
12,2011,BANK OF CEYLON,Foreign
12,2012,BANK OF CEYLON,Foreign
12,2013,BANK OF CEYLON,Foreign
12,2014,BANK OF CEYLON,Foreign
12,2015,BANK OF CEYLON,Foreign
12,2016,BANK OF CEYLON,Foreign
12,2017,BANK OF CEYLON,Foreign
12,2018,BANK OF CEYLON,Foreign
12,2019,BANK OF CEYLON,Foreign
12,2020,BANK OF CEYLON,Foreign
13,2020,BANK OF CHINA LTD.,Foreign
14,2005,BANK OF INDIA,Public
14,2006,BANK OF INDIA,Public
14,2007,BANK OF INDIA,Public
14,2008,BANK OF INDIA,Public
14,2009,BANK OF INDIA,Public
14,2010,BANK OF INDIA,Public
14,2011,BANK OF INDIA,Public
14,2012,BANK OF INDIA,Public
14,2013,BANK OF INDIA,Public
14,2014,BANK OF INDIA,Public
14,2015,BANK OF INDIA,Public
14,2016,BANK OF INDIA,Public
14,2017,BANK OF INDIA,Public
14,2018,BANK OF INDIA,Public
14,2019,BANK OF INDIA,Public
14,2020,BANK OF INDIA,Public
15,2005,BANK OF MAHARASHTRA,Public
15,2006,BANK OF MAHARASHTRA,Public
15,2007,BANK OF MAHARASHTRA,Public
15,2008,BANK OF MAHARASHTRA,Public
15,2009,BANK OF MAHARASHTRA,Public
15,2010,BANK OF MAHARASHTRA,Public
15,2011,BANK OF MAHARASHTRA,Public
15,2012,BANK OF MAHARASHTRA,Public
15,2013,BANK OF MAHARASHTRA,Public
15,2014,BANK OF MAHARASHTRA,Public
15,2015,BANK OF MAHARASHTRA,Public
15,2016,BANK OF MAHARASHTRA,Public
15,2017,BANK OF MAHARASHTRA,Public
15,2018,BANK OF MAHARASHTRA,Public
15,2019,BANK OF MAHARASHTRA,Public
15,2020,BANK OF MAHARASHTRA,Public
16,2005,BANK OF NOVA SCOTIA,Foreign
16,2006,BANK OF NOVA SCOTIA,Foreign
16,2007,BANK OF NOVA SCOTIA,Foreign
16,2008,BANK OF NOVA SCOTIA,Foreign
16,2009,BANK OF NOVA SCOTIA,Foreign
16,2010,BANK OF NOVA SCOTIA,Foreign
16,2011,BANK OF NOVA SCOTIA,Foreign
16,2012,BANK OF NOVA SCOTIA,Foreign
16,2013,BANK OF NOVA SCOTIA,Foreign
16,2014,BANK OF NOVA SCOTIA,Foreign
16,2015,BANK OF NOVA SCOTIA,Foreign
16,2016,BANK OF NOVA SCOTIA,Foreign
16,2017,BANK OF NOVA SCOTIA,Foreign
16,2018,BANK OF NOVA SCOTIA,Foreign
16,2019,BANK OF NOVA SCOTIA,Foreign
16,2020,BANK OF NOVA SCOTIA,Foreign
17,2005,BANK OF PUNJAB,Private
18,2005,BANK OF RAJASTHAN LTD,Private
18,2006,BANK OF RAJASTHAN LTD,Private
18,2007,BANK OF RAJASTHAN LTD,Private
18,2008,BANK OF RAJASTHAN LTD,Private
18,2009,BANK OF RAJASTHAN LTD,Private
18,2010,BANK OF RAJASTHAN LTD,Private
19,2012,BANK OF TOKYO-MITSUBISHI UFJ LTD,Foreign
20,2005,BARCLAYS BANK PLC,Foreign
20,2006,BARCLAYS BANK PLC,Foreign
20,2007,BARCLAYS BANK PLC,Foreign
20,2008,BARCLAYS BANK PLC,Foreign
20,2009,BARCLAYS BANK PLC,Foreign
20,2010,BARCLAYS BANK PLC,Foreign
20,2011,BARCLAYS BANK PLC,Foreign
20,2012,BARCLAYS BANK PLC,Foreign
20,2013,BARCLAYS BANK PLC,Foreign
20,2014,BARCLAYS BANK PLC,Foreign
20,2015,BARCLAYS BANK PLC,Foreign
20,2016,BARCLAYS BANK PLC,Foreign
20,2017,BARCLAYS BANK PLC,Foreign
20,2018,BARCLAYS BANK PLC,Foreign
20,2019,BARCLAYS BANK PLC,Foreign
20,2020,BARCLAYS BANK PLC,Foreign
21,2005,BHARAT OVERSEAS BANK,Private
21,2006,BHARAT OVERSEAS BANK,Private
22,2014,BHARATIYA MAHILA BANK LTD.,Public
22,2015,BHARATIYA MAHILA BANK LTD.,Public
22,2016,BHARATIYA MAHILA BANK LTD.,Public
22,2017,BHARATIYA MAHILA BANK LTD.,Public
23,2005,BNP PARIBAS,Foreign
23,2006,BNP PARIBAS,Foreign
23,2007,BNP PARIBAS,Foreign
23,2008,BNP PARIBAS,Foreign
23,2009,BNP PARIBAS,Foreign
23,2010,BNP PARIBAS,Foreign
23,2011,BNP PARIBAS,Foreign
23,2012,BNP PARIBAS,Foreign
23,2013,BNP PARIBAS,Foreign
23,2014,BNP PARIBAS,Foreign
23,2015,BNP PARIBAS,Foreign
23,2016,BNP PARIBAS,Foreign
23,2017,BNP PARIBAS,Foreign
23,2018,BNP PARIBAS,Foreign
23,2019,BNP PARIBAS,Foreign
23,2020,BNP PARIBAS,Foreign
24,2005,CANARA BANK,Public
24,2006,CANARA BANK,Public
24,2007,CANARA BANK,Public
24,2008,CANARA BANK,Public
24,2009,CANARA BANK,Public
24,2010,CANARA BANK,Public
24,2011,CANARA BANK,Public
24,2012,CANARA BANK,Public
24,2013,CANARA BANK,Public
24,2014,CANARA BANK,Public
24,2015,CANARA BANK,Public
24,2016,CANARA BANK,Public
24,2017,CANARA BANK,Public
24,2018,CANARA BANK,Public
24,2019,CANARA BANK,Public
24,2020,CANARA BANK,Public
25,2005,CATHOLIC SYRIAN BANK LTD,Private
25,2006,CATHOLIC SYRIAN BANK LTD,Private
25,2007,CATHOLIC SYRIAN BANK LTD,Private
25,2008,CATHOLIC SYRIAN BANK LTD,Private
25,2009,CATHOLIC SYRIAN BANK LTD,Private
25,2010,CATHOLIC SYRIAN BANK LTD,Private
25,2011,CATHOLIC SYRIAN BANK LTD,Private
25,2012,CATHOLIC SYRIAN BANK LTD,Private
25,2013,CATHOLIC SYRIAN BANK LTD,Private
25,2014,CATHOLIC SYRIAN BANK LTD,Private
25,2015,CATHOLIC SYRIAN BANK LTD,Private
25,2016,CATHOLIC SYRIAN BANK LTD,Private
25,2017,CATHOLIC SYRIAN BANK LTD,Private
25,2018,CATHOLIC SYRIAN BANK LTD,Private
25,2019,CATHOLIC SYRIAN BANK LTD,Private
25,2020,CATHOLIC SYRIAN BANK LTD,Private
26,2005,CENTRAL BANK OF INDIA,Public
26,2006,CENTRAL BANK OF INDIA,Public
26,2007,CENTRAL BANK OF INDIA,Public
26,2008,CENTRAL BANK OF INDIA,Public
26,2009,CENTRAL BANK OF INDIA,Public
26,2010,CENTRAL BANK OF INDIA,Public
26,2011,CENTRAL BANK OF INDIA,Public
26,2012,CENTRAL BANK OF INDIA,Public
26,2013,CENTRAL BANK OF INDIA,Public
26,2014,CENTRAL BANK OF INDIA,Public
26,2015,CENTRAL BANK OF INDIA,Public
26,2016,CENTRAL BANK OF INDIA,Public
26,2017,CENTRAL BANK OF INDIA,Public
26,2018,CENTRAL BANK OF INDIA,Public
26,2019,CENTRAL BANK OF INDIA,Public
26,2020,CENTRAL BANK OF INDIA,Public
27,2005,CENTURION BANK OF PUNJAB,Private
27,2006,CENTURION BANK OF PUNJAB,Private
27,2007,CENTURION BANK OF PUNJAB,Private
27,2008,CENTURION BANK OF PUNJAB,Private
28,2005,CITIBANK N.A,Foreign
28,2006,CITIBANK N.A,Foreign
28,2007,CITIBANK N.A,Foreign
28,2008,CITIBANK N.A,Foreign
28,2009,CITIBANK N.A,Foreign
28,2010,CITIBANK N.A,Foreign
28,2011,CITIBANK N.A,Foreign
28,2012,CITIBANK N.A,Foreign
28,2013,CITIBANK N.A,Foreign
28,2014,CITIBANK N.A,Foreign
28,2015,CITIBANK N.A,Foreign
28,2016,CITIBANK N.A,Foreign
28,2017,CITIBANK N.A,Foreign
28,2018,CITIBANK N.A,Foreign
28,2019,CITIBANK N.A,Foreign
28,2020,CITIBANK N.A,Foreign
29,2005,CITY UNION BANK LTD.,Private
29,2006,CITY UNION BANK LTD.,Private
29,2007,CITY UNION BANK LTD.,Private
29,2008,CITY UNION BANK LTD.,Private
29,2009,CITY UNION BANK LTD.,Private
29,2010,CITY UNION BANK LTD.,Private
29,2011,CITY UNION BANK LTD.,Private
29,2012,CITY UNION BANK LTD.,Private
29,2013,CITY UNION BANK LTD.,Private
29,2014,CITY UNION BANK LTD.,Private
29,2015,CITY UNION BANK LTD.,Private
29,2016,CITY UNION BANK LTD.,Private
29,2017,CITY UNION BANK LTD.,Private
29,2018,CITY UNION BANK LTD.,Private
29,2019,CITY UNION BANK LTD.,Private
29,2020,CITY UNION BANK LTD.,Private
30,2011,COMMONWEALTH BANK OF AUSTRALIA,Foreign
30,2012,COMMONWEALTH BANK OF AUSTRALIA,Foreign
30,2013,COMMONWEALTH BANK OF AUSTRALIA,Foreign
30,2014,COMMONWEALTH BANK OF AUSTRALIA,Foreign
30,2015,COMMONWEALTH BANK OF AUSTRALIA,Foreign
30,2016,COMMONWEALTH BANK OF AUSTRALIA,Foreign
30,2017,COMMONWEALTH BANK OF AUSTRALIA,Foreign
31,2012,COOPERATIEVE RABOBANK U.A.,Foreign
31,2013,COOPERATIEVE RABOBANK U.A.,Foreign
31,2014,COOPERATIEVE RABOBANK U.A.,Foreign
31,2015,COOPERATIEVE RABOBANK U.A.,Foreign
31,2016,COOPERATIEVE RABOBANK U.A.,Foreign
31,2017,COOPERATIEVE RABOBANK U.A.,Foreign
31,2018,COOPERATIEVE RABOBANK U.A.,Foreign
31,2019,COOPERATIEVE RABOBANK U.A.,Foreign
31,2020,COOPERATIEVE RABOBANK U.A.,Foreign
32,2005,CORPORATION BANK,Public
32,2006,CORPORATION BANK,Public
32,2007,CORPORATION BANK,Public
32,2008,CORPORATION BANK,Public
32,2009,CORPORATION BANK,Public
32,2010,CORPORATION BANK,Public
32,2011,CORPORATION BANK,Public
32,2012,CORPORATION BANK,Public
32,2013,CORPORATION BANK,Public
32,2014,CORPORATION BANK,Public
32,2015,CORPORATION BANK,Public
32,2016,CORPORATION BANK,Public
32,2017,CORPORATION BANK,Public
32,2018,CORPORATION BANK,Public
32,2019,CORPORATION BANK,Public
32,2020,CORPORATION BANK,Public
33,2005,CREDIT AGRICOLE,Foreign
33,2006,CREDIT AGRICOLE,Foreign
33,2007,CREDIT AGRICOLE,Foreign
33,2008,CREDIT AGRICOLE,Foreign
33,2009,CREDIT AGRICOLE,Foreign
33,2010,CREDIT AGRICOLE,Foreign
33,2011,CREDIT AGRICOLE,Foreign
33,2012,CREDIT AGRICOLE,Foreign
33,2013,CREDIT AGRICOLE,Foreign
33,2014,CREDIT AGRICOLE,Foreign
33,2015,CREDIT AGRICOLE,Foreign
33,2016,CREDIT AGRICOLE,Foreign
33,2017,CREDIT AGRICOLE,Foreign
33,2018,CREDIT AGRICOLE,Foreign
33,2019,CREDIT AGRICOLE,Foreign
33,2020,CREDIT AGRICOLE,Foreign
34,2012,CREDIT SUISSE AG,Foreign
34,2013,CREDIT SUISSE AG,Foreign
34,2014,CREDIT SUISSE AG,Foreign
34,2015,CREDIT SUISSE AG,Foreign
34,2016,CREDIT SUISSE AG,Foreign
34,2017,CREDIT SUISSE AG,Foreign
34,2018,CREDIT SUISSE AG,Foreign
34,2019,CREDIT SUISSE AG,Foreign
34,2020,CREDIT SUISSE AG,Foreign
35,2005,CTBC BANK,Foreign
35,2006,CTBC BANK,Foreign
35,2007,CTBC BANK,Foreign
35,2008,CTBC BANK,Foreign
35,2009,CTBC BANK,Foreign
35,2010,CTBC BANK,Foreign
35,2011,CTBC BANK,Foreign
35,2012,CTBC BANK,Foreign
35,2013,CTBC BANK,Foreign
35,2014,CTBC BANK,Foreign
35,2015,CTBC BANK,Foreign
35,2016,CTBC BANK,Foreign
35,2017,CTBC BANK,Foreign
35,2018,CTBC BANK,Foreign
35,2019,CTBC BANK,Foreign
35,2020,CTBC BANK,Foreign
36,2005,DBS BANK INDIA LTD.,Foreign
36,2006,DBS BANK INDIA LTD.,Foreign
36,2007,DBS BANK INDIA LTD.,Foreign
36,2008,DBS BANK INDIA LTD.,Foreign
36,2009,DBS BANK INDIA LTD.,Foreign
36,2010,DBS BANK INDIA LTD.,Foreign
36,2011,DBS BANK INDIA LTD.,Foreign
36,2012,DBS BANK INDIA LTD.,Foreign
36,2013,DBS BANK INDIA LTD.,Foreign
36,2014,DBS BANK INDIA LTD.,Foreign
36,2015,DBS BANK INDIA LTD.,Foreign
36,2016,DBS BANK INDIA LTD.,Foreign
36,2017,DBS BANK INDIA LTD.,Foreign
36,2018,DBS BANK INDIA LTD.,Foreign
36,2019,DBS BANK INDIA LTD.,Foreign
36,2020,DBS BANK INDIA LTD.,Foreign
37,2005,DCB BANK LTD.,Private
37,2006,DCB BANK LTD.,Private
37,2007,DCB BANK LTD.,Private
37,2008,DCB BANK LTD.,Private
37,2009,DCB BANK LTD.,Private
37,2010,DCB BANK LTD.,Private
37,2011,DCB BANK LTD.,Private
37,2012,DCB BANK LTD.,Private
37,2013,DCB BANK LTD.,Private
37,2014,DCB BANK LTD.,Private
37,2015,DCB BANK LTD.,Private
37,2016,DCB BANK LTD.,Private
37,2017,DCB BANK LTD.,Private
37,2018,DCB BANK LTD.,Private
37,2019,DCB BANK LTD.,Private
37,2020,DCB BANK LTD.,Private
38,2005,DENA BANK,Public
38,2006,DENA BANK,Public
38,2007,DENA BANK,Public
38,2008,DENA BANK,Public
38,2009,DENA BANK,Public
38,2010,DENA BANK,Public
38,2011,DENA BANK,Public
38,2012,DENA BANK,Public
38,2013,DENA BANK,Public
38,2014,DENA BANK,Public
38,2015,DENA BANK,Public
38,2016,DENA BANK,Public
38,2017,DENA BANK,Public
38,2018,DENA BANK,Public
38,2019,DENA BANK,Public
39,2005,DEUTSCHE BANK AG,Foreign
39,2006,DEUTSCHE BANK AG,Foreign
39,2007,DEUTSCHE BANK AG,Foreign
39,2008,DEUTSCHE BANK AG,Foreign
39,2009,DEUTSCHE BANK AG,Foreign
39,2010,DEUTSCHE BANK AG,Foreign
39,2011,DEUTSCHE BANK AG,Foreign
39,2012,DEUTSCHE BANK AG,Foreign
39,2013,DEUTSCHE BANK AG,Foreign
39,2014,DEUTSCHE BANK AG,Foreign
39,2015,DEUTSCHE BANK AG,Foreign
39,2016,DEUTSCHE BANK AG,Foreign
39,2017,DEUTSCHE BANK AG,Foreign
39,2018,DEUTSCHE BANK AG,Foreign
39,2019,DEUTSCHE BANK AG,Foreign
39,2020,DEUTSCHE BANK AG,Foreign
40,2005,DHANLAXMI BANK,Private
40,2006,DHANLAXMI BANK,Private
40,2007,DHANLAXMI BANK,Private
40,2008,DHANLAXMI BANK,Private
40,2009,DHANLAXMI BANK,Private
40,2010,DHANLAXMI BANK,Private
40,2011,DHANLAXMI BANK,Private
40,2012,DHANLAXMI BANK,Private
40,2013,DHANLAXMI BANK,Private
40,2014,DHANLAXMI BANK,Private
40,2015,DHANLAXMI BANK,Private
40,2016,DHANLAXMI BANK,Private
40,2017,DHANLAXMI BANK,Private
40,2018,DHANLAXMI BANK,Private
40,2019,DHANLAXMI BANK,Private
40,2020,DHANLAXMI BANK,Private
41,2015,DOHA BANK Q.P.S.C,Foreign
41,2016,DOHA BANK Q.P.S.C,Foreign
41,2017,DOHA BANK Q.P.S.C,Foreign
41,2018,DOHA BANK Q.P.S.C,Foreign
41,2019,DOHA BANK Q.P.S.C,Foreign
41,2020,DOHA BANK Q.P.S.C,Foreign
42,2018,EMIRATES NBD BANK (P.J.S.C.),Foreign
42,2019,EMIRATES NBD BANK (P.J.S.C.),Foreign
42,2020,EMIRATES NBD BANK (P.J.S.C.),Foreign
43,2005,FEDERAL BANK,Private
43,2006,FEDERAL BANK,Private
43,2007,FEDERAL BANK,Private
43,2008,FEDERAL BANK,Private
43,2009,FEDERAL BANK,Private
43,2010,FEDERAL BANK,Private
43,2011,FEDERAL BANK,Private
43,2012,FEDERAL BANK,Private
43,2013,FEDERAL BANK,Private
43,2014,FEDERAL BANK,Private
43,2015,FEDERAL BANK,Private
43,2016,FEDERAL BANK,Private
43,2017,FEDERAL BANK,Private
43,2018,FEDERAL BANK,Private
43,2019,FEDERAL BANK,Private
43,2020,FEDERAL BANK,Private
44,2016,FIRST ABU DHABI BANK PJSC,Foreign
44,2017,FIRST ABU DHABI BANK PJSC,Foreign
44,2018,FIRST ABU DHABI BANK PJSC,Foreign
44,2019,FIRST ABU DHABI BANK PJSC,Foreign
44,2020,FIRST ABU DHABI BANK PJSC,Foreign
45,2010,FIRSTRAND BANK LTD,Foreign
45,2011,FIRSTRAND BANK LTD,Foreign
45,2012,FIRSTRAND BANK LTD,Foreign
45,2013,FIRSTRAND BANK LTD,Foreign
45,2014,FIRSTRAND BANK LTD,Foreign
45,2015,FIRSTRAND BANK LTD,Foreign
45,2016,FIRSTRAND BANK LTD,Foreign
45,2017,FIRSTRAND BANK LTD,Foreign
45,2018,FIRSTRAND BANK LTD,Foreign
45,2019,FIRSTRAND BANK LTD,Foreign
45,2020,FIRSTRAND BANK LTD,Foreign
46,2005,GANESH BANK OF KURUNDWAD,Private
46,2006,GANESH BANK OF KURUNDWAD,Private
47,2005,HDFC BANK,Private
47,2006,HDFC BANK,Private
47,2007,HDFC BANK,Private
47,2008,HDFC BANK,Private
47,2009,HDFC BANK,Private
47,2010,HDFC BANK,Private
47,2011,HDFC BANK,Private
47,2012,HDFC BANK,Private
47,2013,HDFC BANK,Private
47,2014,HDFC BANK,Private
47,2015,HDFC BANK,Private
47,2016,HDFC BANK,Private
47,2017,HDFC BANK,Private
47,2018,HDFC BANK,Private
47,2019,HDFC BANK,Private
47,2020,HDFC BANK,Private
48,2005,HONGKONG AND SHANGHAI BANKING CORPN.LTD.,Foreign
48,2006,HONGKONG AND SHANGHAI BANKING CORPN.LTD.,Foreign
48,2007,HONGKONG AND SHANGHAI BANKING CORPN.LTD.,Foreign
48,2008,HONGKONG AND SHANGHAI BANKING CORPN.LTD.,Foreign
48,2009,HONGKONG AND SHANGHAI BANKING CORPN.LTD.,Foreign
48,2010,HONGKONG AND SHANGHAI BANKING CORPN.LTD.,Foreign
48,2011,HONGKONG AND SHANGHAI BANKING CORPN.LTD.,Foreign
48,2012,HONGKONG AND SHANGHAI BANKING CORPN.LTD.,Foreign
48,2013,HONGKONG AND SHANGHAI BANKING CORPN.LTD.,Foreign
48,2014,HONGKONG AND SHANGHAI BANKING CORPN.LTD.,Foreign
48,2015,HONGKONG AND SHANGHAI BANKING CORPN.LTD.,Foreign
48,2016,HONGKONG AND SHANGHAI BANKING CORPN.LTD.,Foreign
48,2017,HONGKONG AND SHANGHAI BANKING CORPN.LTD.,Foreign
48,2018,HONGKONG AND SHANGHAI BANKING CORPN.LTD.,Foreign
48,2019,HONGKONG AND SHANGHAI BANKING CORPN.LTD.,Foreign
48,2020,HONGKONG AND SHANGHAI BANKING CORPN.LTD.,Foreign
49,2005,HSBC BANK OMAN S.A.O.G.,Foreign
49,2006,HSBC BANK OMAN S.A.O.G.,Foreign
49,2007,HSBC BANK OMAN S.A.O.G.,Foreign
49,2008,HSBC BANK OMAN S.A.O.G.,Foreign
49,2009,HSBC BANK OMAN S.A.O.G.,Foreign
49,2010,HSBC BANK OMAN S.A.O.G.,Foreign
49,2011,HSBC BANK OMAN S.A.O.G.,Foreign
49,2012,HSBC BANK OMAN S.A.O.G.,Foreign
49,2013,HSBC BANK OMAN S.A.O.G.,Foreign
49,2014,HSBC BANK OMAN S.A.O.G.,Foreign
49,2015,HSBC BANK OMAN S.A.O.G.,Foreign
50,2005,ICICI BANK,Private
50,2006,ICICI BANK,Private
50,2007,ICICI BANK,Private
50,2008,ICICI BANK,Private
50,2009,ICICI BANK,Private
50,2010,ICICI BANK,Private
50,2011,ICICI BANK,Private
50,2012,ICICI BANK,Private
50,2013,ICICI BANK,Private
50,2014,ICICI BANK,Private
50,2015,ICICI BANK,Private
50,2016,ICICI BANK,Private
50,2017,ICICI BANK,Private
50,2018,ICICI BANK,Private
50,2019,ICICI BANK,Private
50,2020,ICICI BANK,Private
51,2005,IDBI BANK LIMITED,Public
51,2006,IDBI BANK LIMITED,Public
51,2007,IDBI BANK LIMITED,Public
51,2008,IDBI BANK LIMITED,Public
51,2009,IDBI BANK LIMITED,Public
51,2010,IDBI BANK LIMITED,Public
51,2011,IDBI BANK LIMITED,Public
51,2012,IDBI BANK LIMITED,Public
51,2013,IDBI BANK LIMITED,Public
51,2014,IDBI BANK LIMITED,Public
51,2015,IDBI BANK LIMITED,Public
51,2016,IDBI BANK LIMITED,Public
51,2017,IDBI BANK LIMITED,Public
51,2018,IDBI BANK LIMITED,Public
52,2019,IDBI BANK LTD.,Private
52,2020,IDBI BANK LTD.,Private
53,2016,IDFC FIRST BANK LTD.,Private
53,2017,IDFC FIRST BANK LTD.,Private
53,2018,IDFC FIRST BANK LTD.,Private
53,2019,IDFC FIRST BANK LTD.,Private
53,2020,IDFC FIRST BANK LTD.,Private
54,2005,INDIAN BANK,Public
54,2006,INDIAN BANK,Public
54,2007,INDIAN BANK,Public
54,2008,INDIAN BANK,Public
54,2009,INDIAN BANK,Public
54,2010,INDIAN BANK,Public
54,2011,INDIAN BANK,Public
54,2012,INDIAN BANK,Public
54,2013,INDIAN BANK,Public
54,2014,INDIAN BANK,Public
54,2015,INDIAN BANK,Public
54,2016,INDIAN BANK,Public
54,2017,INDIAN BANK,Public
54,2018,INDIAN BANK,Public
54,2019,INDIAN BANK,Public
54,2020,INDIAN BANK,Public
55,2005,INDIAN OVERSEAS BANK,Public
55,2006,INDIAN OVERSEAS BANK,Public
55,2007,INDIAN OVERSEAS BANK,Public
55,2008,INDIAN OVERSEAS BANK,Public
55,2009,INDIAN OVERSEAS BANK,Public
55,2010,INDIAN OVERSEAS BANK,Public
55,2011,INDIAN OVERSEAS BANK,Public
55,2012,INDIAN OVERSEAS BANK,Public
55,2013,INDIAN OVERSEAS BANK,Public
55,2014,INDIAN OVERSEAS BANK,Public
55,2015,INDIAN OVERSEAS BANK,Public
55,2016,INDIAN OVERSEAS BANK,Public
55,2017,INDIAN OVERSEAS BANK,Public
55,2018,INDIAN OVERSEAS BANK,Public
55,2019,INDIAN OVERSEAS BANK,Public
55,2020,INDIAN OVERSEAS BANK,Public
56,2005,INDUSIND BANK,Private
56,2006,INDUSIND BANK,Private
56,2007,INDUSIND BANK,Private
56,2008,INDUSIND BANK,Private
56,2009,INDUSIND BANK,Private
56,2010,INDUSIND BANK,Private
56,2011,INDUSIND BANK,Private
56,2012,INDUSIND BANK,Private
56,2013,INDUSIND BANK,Private
56,2014,INDUSIND BANK,Private
56,2015,INDUSIND BANK,Private
56,2016,INDUSIND BANK,Private
56,2017,INDUSIND BANK,Private
56,2018,INDUSIND BANK,Private
56,2019,INDUSIND BANK,Private
56,2020,INDUSIND BANK,Private
57,2012,INDUSTRIAL AND COMMERCIAL BANK OF CHINA,Foreign
57,2013,INDUSTRIAL AND COMMERCIAL BANK OF CHINA,Foreign
57,2014,INDUSTRIAL AND COMMERCIAL BANK OF CHINA,Foreign
57,2015,INDUSTRIAL AND COMMERCIAL BANK OF CHINA,Foreign
57,2016,INDUSTRIAL AND COMMERCIAL BANK OF CHINA,Foreign
57,2017,INDUSTRIAL AND COMMERCIAL BANK OF CHINA,Foreign
57,2018,INDUSTRIAL AND COMMERCIAL BANK OF CHINA,Foreign
57,2019,INDUSTRIAL AND COMMERCIAL BANK OF CHINA,Foreign
57,2020,INDUSTRIAL AND COMMERCIAL BANK OF CHINA,Foreign
58,2016,INDUSTRIAL BANK OF KOREA,Foreign
58,2017,INDUSTRIAL BANK OF KOREA,Foreign
58,2018,INDUSTRIAL BANK OF KOREA,Foreign
58,2019,INDUSTRIAL BANK OF KOREA,Foreign
58,2020,INDUSTRIAL BANK OF KOREA,Foreign
59,2005,ING BANK,Foreign
60,2005,ING VYSYA BANK,Private
60,2006,ING VYSYA BANK,Private
60,2007,ING VYSYA BANK,Private
60,2008,ING VYSYA BANK,Private
60,2009,ING VYSYA BANK,Private
60,2010,ING VYSYA BANK,Private
60,2011,ING VYSYA BANK,Private
60,2012,ING VYSYA BANK,Private
60,2013,ING VYSYA BANK,Private
60,2014,ING VYSYA BANK,Private
60,2015,ING VYSYA BANK,Private
61,2005,JAMMU & KASHMIR BANK LTD,Private
61,2006,JAMMU & KASHMIR BANK LTD,Private
61,2007,JAMMU & KASHMIR BANK LTD,Private
61,2008,JAMMU & KASHMIR BANK LTD,Private
61,2009,JAMMU & KASHMIR BANK LTD,Private
61,2010,JAMMU & KASHMIR BANK LTD,Private
61,2011,JAMMU & KASHMIR BANK LTD,Private
61,2012,JAMMU & KASHMIR BANK LTD,Private
61,2013,JAMMU & KASHMIR BANK LTD,Private
61,2014,JAMMU & KASHMIR BANK LTD,Private
61,2015,JAMMU & KASHMIR BANK LTD,Private
61,2016,JAMMU & KASHMIR BANK LTD,Private
61,2017,JAMMU & KASHMIR BANK LTD,Private
61,2018,JAMMU & KASHMIR BANK LTD,Private
61,2019,JAMMU & KASHMIR BANK LTD,Private
61,2020,JAMMU & KASHMIR BANK LTD,Private
62,2005,JP MORGAN CHASE BANK N.A.,Foreign
62,2006,JP MORGAN CHASE BANK N.A.,Foreign
62,2007,JP MORGAN CHASE BANK N.A.,Foreign
62,2008,JP MORGAN CHASE BANK N.A.,Foreign
62,2009,JP MORGAN CHASE BANK N.A.,Foreign
62,2010,JP MORGAN CHASE BANK N.A.,Foreign
62,2011,JP MORGAN CHASE BANK N.A.,Foreign
62,2012,JP MORGAN CHASE BANK N.A.,Foreign
62,2013,JP MORGAN CHASE BANK N.A.,Foreign
62,2014,JP MORGAN CHASE BANK N.A.,Foreign
62,2015,JP MORGAN CHASE BANK N.A.,Foreign
62,2016,JP MORGAN CHASE BANK N.A.,Foreign
62,2017,JP MORGAN CHASE BANK N.A.,Foreign
62,2018,JP MORGAN CHASE BANK N.A.,Foreign
62,2019,JP MORGAN CHASE BANK N.A.,Foreign
62,2020,JP MORGAN CHASE BANK N.A.,Foreign
63,2009,JSC VTB BANK,Foreign
63,2010,JSC VTB BANK,Foreign
63,2011,JSC VTB BANK,Foreign
63,2012,JSC VTB BANK,Foreign
63,2013,JSC VTB BANK,Foreign
63,2014,JSC VTB BANK,Foreign
63,2015,JSC VTB BANK,Foreign
63,2016,JSC VTB BANK,Foreign
63,2017,JSC VTB BANK,Foreign
63,2018,JSC VTB BANK,Foreign
63,2019,JSC VTB BANK,Foreign
63,2020,JSC VTB BANK,Foreign
64,2005,KARNATAKA BANK LTD,Private
64,2006,KARNATAKA BANK LTD,Private
64,2007,KARNATAKA BANK LTD,Private
64,2008,KARNATAKA BANK LTD,Private
64,2009,KARNATAKA BANK LTD,Private
64,2010,KARNATAKA BANK LTD,Private
64,2011,KARNATAKA BANK LTD,Private
64,2012,KARNATAKA BANK LTD,Private
64,2013,KARNATAKA BANK LTD,Private
64,2014,KARNATAKA BANK LTD,Private
64,2015,KARNATAKA BANK LTD,Private
64,2016,KARNATAKA BANK LTD,Private
64,2017,KARNATAKA BANK LTD,Private
64,2018,KARNATAKA BANK LTD,Private
64,2019,KARNATAKA BANK LTD,Private
64,2020,KARNATAKA BANK LTD,Private
65,2005,KARUR VYSYA BANK,Private
65,2006,KARUR VYSYA BANK,Private
65,2007,KARUR VYSYA BANK,Private
65,2008,KARUR VYSYA BANK,Private
65,2009,KARUR VYSYA BANK,Private
65,2010,KARUR VYSYA BANK,Private
65,2011,KARUR VYSYA BANK,Private
65,2012,KARUR VYSYA BANK,Private
65,2013,KARUR VYSYA BANK,Private
65,2014,KARUR VYSYA BANK,Private
65,2015,KARUR VYSYA BANK,Private
65,2016,KARUR VYSYA BANK,Private
65,2017,KARUR VYSYA BANK,Private
65,2018,KARUR VYSYA BANK,Private
65,2019,KARUR VYSYA BANK,Private
65,2020,KARUR VYSYA BANK,Private
66,2005,KBC BANK NV,Foreign
66,2006,KBC BANK NV,Foreign
66,2007,KBC BANK NV,Foreign
66,2008,KBC BANK NV,Foreign
66,2009,KBC BANK NV,Foreign
66,2010,KBC BANK NV,Foreign
66,2011,KBC BANK NV,Foreign
66,2012,KBC BANK NV,Foreign
66,2013,KBC BANK NV,Foreign
66,2014,KBC BANK NV,Foreign
66,2015,KBC BANK NV,Foreign
66,2016,KBC BANK NV,Foreign
67,2016,KEB HANA BANK,Foreign
67,2017,KEB HANA BANK,Foreign
67,2018,KEB HANA BANK,Foreign
67,2019,KEB HANA BANK,Foreign
67,2020,KEB HANA BANK,Foreign
68,2020,KOOKMIN BANK,Foreign
69,2005,KOTAK MAHINDRA BANK LTD,Private
69,2006,KOTAK MAHINDRA BANK LTD,Private
69,2007,KOTAK MAHINDRA BANK LTD,Private
69,2008,KOTAK MAHINDRA BANK LTD,Private
69,2009,KOTAK MAHINDRA BANK LTD,Private
69,2010,KOTAK MAHINDRA BANK LTD,Private
69,2011,KOTAK MAHINDRA BANK LTD,Private
69,2012,KOTAK MAHINDRA BANK LTD,Private
69,2013,KOTAK MAHINDRA BANK LTD,Private
69,2014,KOTAK MAHINDRA BANK LTD,Private
69,2015,KOTAK MAHINDRA BANK LTD,Private
69,2016,KOTAK MAHINDRA BANK LTD,Private
69,2017,KOTAK MAHINDRA BANK LTD,Private
69,2018,KOTAK MAHINDRA BANK LTD,Private
69,2019,KOTAK MAHINDRA BANK LTD,Private
69,2020,KOTAK MAHINDRA BANK LTD,Private
70,2005,KRUNG THAI BANK PUBLIC COMPANY LTD.,Foreign
70,2006,KRUNG THAI BANK PUBLIC COMPANY LTD.,Foreign
70,2007,KRUNG THAI BANK PUBLIC COMPANY LTD.,Foreign
70,2008,KRUNG THAI BANK PUBLIC COMPANY LTD.,Foreign
70,2009,KRUNG THAI BANK PUBLIC COMPANY LTD.,Foreign
70,2010,KRUNG THAI BANK PUBLIC COMPANY LTD.,Foreign
70,2011,KRUNG THAI BANK PUBLIC COMPANY LTD.,Foreign
70,2012,KRUNG THAI BANK PUBLIC COMPANY LTD.,Foreign
70,2013,KRUNG THAI BANK PUBLIC COMPANY LTD.,Foreign
70,2014,KRUNG THAI BANK PUBLIC COMPANY LTD.,Foreign
70,2015,KRUNG THAI BANK PUBLIC COMPANY LTD.,Foreign
70,2016,KRUNG THAI BANK PUBLIC COMPANY LTD.,Foreign
70,2017,KRUNG THAI BANK PUBLIC COMPANY LTD.,Foreign
70,2018,KRUNG THAI BANK PUBLIC COMPANY LTD.,Foreign
70,2019,KRUNG THAI BANK PUBLIC COMPANY LTD.,Foreign
70,2020,KRUNG THAI BANK PUBLIC COMPANY LTD.,Foreign
71,2005,LAKSHMI VILAS BANK,Private
71,2006,LAKSHMI VILAS BANK,Private
71,2007,LAKSHMI VILAS BANK,Private
71,2008,LAKSHMI VILAS BANK,Private
71,2009,LAKSHMI VILAS BANK,Private
71,2010,LAKSHMI VILAS BANK,Private
71,2011,LAKSHMI VILAS BANK,Private
71,2012,LAKSHMI VILAS BANK,Private
71,2013,LAKSHMI VILAS BANK,Private
71,2014,LAKSHMI VILAS BANK,Private
71,2015,LAKSHMI VILAS BANK,Private
71,2016,LAKSHMI VILAS BANK,Private
71,2017,LAKSHMI VILAS BANK,Private
71,2018,LAKSHMI VILAS BANK,Private
71,2019,LAKSHMI VILAS BANK,Private
71,2020,LAKSHMI VILAS BANK,Private
72,2005,LORD KRISHNA BANK,Private
72,2006,LORD KRISHNA BANK,Private
72,2007,LORD KRISHNA BANK,Private
73,2005,MASHREQ BANK PSC,Foreign
73,2006,MASHREQ BANK PSC,Foreign
73,2007,MASHREQ BANK PSC,Foreign
73,2008,MASHREQ BANK PSC,Foreign
73,2009,MASHREQ BANK PSC,Foreign
73,2010,MASHREQ BANK PSC,Foreign
73,2011,MASHREQ BANK PSC,Foreign
73,2012,MASHREQ BANK PSC,Foreign
73,2013,MASHREQ BANK PSC,Foreign
73,2014,MASHREQ BANK PSC,Foreign
73,2015,MASHREQ BANK PSC,Foreign
73,2016,MASHREQ BANK PSC,Foreign
73,2017,MASHREQ BANK PSC,Foreign
73,2018,MASHREQ BANK PSC,Foreign
73,2019,MASHREQ BANK PSC,Foreign
73,2020,MASHREQ BANK PSC,Foreign
74,2005,MIZUHO BANK LTD,Foreign
74,2006,MIZUHO BANK LTD,Foreign
74,2007,MIZUHO BANK LTD,Foreign
74,2008,MIZUHO BANK LTD,Foreign
74,2009,MIZUHO BANK LTD,Foreign
74,2010,MIZUHO BANK LTD,Foreign
74,2011,MIZUHO BANK LTD,Foreign
74,2012,MIZUHO BANK LTD,Foreign
74,2013,MIZUHO BANK LTD,Foreign
74,2014,MIZUHO BANK LTD,Foreign
74,2015,MIZUHO BANK LTD,Foreign
74,2016,MIZUHO BANK LTD,Foreign
74,2017,MIZUHO BANK LTD,Foreign
74,2018,MIZUHO BANK LTD,Foreign
74,2019,MIZUHO BANK LTD,Foreign
74,2020,MIZUHO BANK LTD,Foreign
75,2005,"MUFG BANK, LTD.",Foreign
75,2006,"MUFG BANK, LTD.",Foreign
75,2007,"MUFG BANK, LTD.",Foreign
75,2008,"MUFG BANK, LTD.",Foreign
75,2009,"MUFG BANK, LTD.",Foreign
75,2010,"MUFG BANK, LTD.",Foreign
75,2011,"MUFG BANK, LTD.",Foreign
75,2013,"MUFG BANK, LTD.",Foreign
75,2014,"MUFG BANK, LTD.",Foreign
75,2015,"MUFG BANK, LTD.",Foreign
75,2016,"MUFG BANK, LTD.",Foreign
75,2017,"MUFG BANK, LTD.",Foreign
75,2018,"MUFG BANK, LTD.",Foreign
75,2019,"MUFG BANK, LTD.",Foreign
75,2020,"MUFG BANK, LTD.",Foreign
76,2005,NAINITAL BANK,Private
76,2006,NAINITAL BANK,Private
76,2007,NAINITAL BANK,Private
76,2008,NAINITAL BANK,Private
76,2009,NAINITAL BANK,Private
76,2010,NAINITAL BANK,Private
76,2011,NAINITAL BANK,Private
76,2012,NAINITAL BANK,Private
76,2013,NAINITAL BANK,Private
76,2014,NAINITAL BANK,Private
76,2015,NAINITAL BANK,Private
76,2016,NAINITAL BANK,Private
76,2017,NAINITAL BANK,Private
76,2018,NAINITAL BANK,Private
76,2019,NAINITAL BANK,Private
76,2020,NAINITAL BANK,Private
77,2012,NATIONAL AUSTRALIA BANK,Foreign
77,2013,NATIONAL AUSTRALIA BANK,Foreign
77,2014,NATIONAL AUSTRALIA BANK,Foreign
77,2015,NATIONAL AUSTRALIA BANK,Foreign
77,2016,NATIONAL AUSTRALIA BANK,Foreign
77,2017,NATIONAL AUSTRALIA BANK,Foreign
77,2018,NATIONAL AUSTRALIA BANK,Foreign
77,2019,NATIONAL AUSTRALIA BANK,Foreign
78,2016,NATWEST MARKETS PLC,Foreign
78,2017,NATWEST MARKETS PLC,Foreign
78,2018,NATWEST MARKETS PLC,Foreign
78,2019,NATWEST MARKETS PLC,Foreign
78,2020,NATWEST MARKETS PLC,Foreign
79,2005,ORIENTAL BANK OF COMMERCE,Public
79,2006,ORIENTAL BANK OF COMMERCE,Public
79,2007,ORIENTAL BANK OF COMMERCE,Public
79,2008,ORIENTAL BANK OF COMMERCE,Public
79,2009,ORIENTAL BANK OF COMMERCE,Public
79,2010,ORIENTAL BANK OF COMMERCE,Public
79,2011,ORIENTAL BANK OF COMMERCE,Public
79,2012,ORIENTAL BANK OF COMMERCE,Public
79,2013,ORIENTAL BANK OF COMMERCE,Public
79,2014,ORIENTAL BANK OF COMMERCE,Public
79,2015,ORIENTAL BANK OF COMMERCE,Public
79,2016,ORIENTAL BANK OF COMMERCE,Public
79,2017,ORIENTAL BANK OF COMMERCE,Public
79,2018,ORIENTAL BANK OF COMMERCE,Public
79,2019,ORIENTAL BANK OF COMMERCE,Public
79,2020,ORIENTAL BANK OF COMMERCE,Public
80,2005,PT BANK MAYBANK INDONESIA TBK,Foreign
80,2006,PT BANK MAYBANK INDONESIA TBK,Foreign
80,2007,PT BANK MAYBANK INDONESIA TBK,Foreign
80,2008,PT BANK MAYBANK INDONESIA TBK,Foreign
80,2009,PT BANK MAYBANK INDONESIA TBK,Foreign
80,2010,PT BANK MAYBANK INDONESIA TBK,Foreign
80,2011,PT BANK MAYBANK INDONESIA TBK,Foreign
80,2012,PT BANK MAYBANK INDONESIA TBK,Foreign
80,2013,PT BANK MAYBANK INDONESIA TBK,Foreign
80,2014,PT BANK MAYBANK INDONESIA TBK,Foreign
80,2015,PT BANK MAYBANK INDONESIA TBK,Foreign
80,2016,PT BANK MAYBANK INDONESIA TBK,Foreign
80,2017,PT BANK MAYBANK INDONESIA TBK,Foreign
80,2018,PT BANK MAYBANK INDONESIA TBK,Foreign
80,2019,PT BANK MAYBANK INDONESIA TBK,Foreign
80,2020,PT BANK MAYBANK INDONESIA TBK,Foreign
81,2005,PUNJAB AND SIND BANK,Public
81,2006,PUNJAB AND SIND BANK,Public
81,2007,PUNJAB AND SIND BANK,Public
81,2008,PUNJAB AND SIND BANK,Public
81,2009,PUNJAB AND SIND BANK,Public
81,2010,PUNJAB AND SIND BANK,Public
81,2011,PUNJAB AND SIND BANK,Public
81,2012,PUNJAB AND SIND BANK,Public
81,2013,PUNJAB AND SIND BANK,Public
81,2014,PUNJAB AND SIND BANK,Public
81,2015,PUNJAB AND SIND BANK,Public
81,2016,PUNJAB AND SIND BANK,Public
81,2017,PUNJAB AND SIND BANK,Public
81,2018,PUNJAB AND SIND BANK,Public
81,2019,PUNJAB AND SIND BANK,Public
81,2020,PUNJAB AND SIND BANK,Public
82,2005,PUNJAB NATIONAL BANK,Public
82,2006,PUNJAB NATIONAL BANK,Public
82,2007,PUNJAB NATIONAL BANK,Public
82,2008,PUNJAB NATIONAL BANK,Public
82,2009,PUNJAB NATIONAL BANK,Public
82,2010,PUNJAB NATIONAL BANK,Public
82,2011,PUNJAB NATIONAL BANK,Public
82,2012,PUNJAB NATIONAL BANK,Public
82,2013,PUNJAB NATIONAL BANK,Public
82,2014,PUNJAB NATIONAL BANK,Public
82,2015,PUNJAB NATIONAL BANK,Public
82,2016,PUNJAB NATIONAL BANK,Public
82,2017,PUNJAB NATIONAL BANK,Public
82,2018,PUNJAB NATIONAL BANK,Public
82,2019,PUNJAB NATIONAL BANK,Public
82,2020,PUNJAB NATIONAL BANK,Public
83,2018,QATAR NATIONAL BANK (Q.P.S.C.),Foreign
83,2019,QATAR NATIONAL BANK (Q.P.S.C.),Foreign
83,2020,QATAR NATIONAL BANK (Q.P.S.C.),Foreign
84,2005,RBL,Private
84,2006,RBL,Private
84,2007,RBL,Private
84,2008,RBL,Private
84,2009,RBL,Private
84,2010,RBL,Private
84,2011,RBL,Private
84,2012,RBL,Private
84,2013,RBL,Private
84,2014,RBL,Private
84,2015,RBL,Private
84,2016,RBL,Private
84,2017,RBL,Private
84,2018,RBL,Private
84,2019,RBL,Private
84,2020,RBL,Private
85,2005,ROYAL BANK OF SCOTLAND N.V.,Foreign
85,2006,ROYAL BANK OF SCOTLAND N.V.,Foreign
85,2007,ROYAL BANK OF SCOTLAND N.V.,Foreign
85,2008,ROYAL BANK OF SCOTLAND N.V.,Foreign
85,2009,ROYAL BANK OF SCOTLAND N.V.,Foreign
85,2010,ROYAL BANK OF SCOTLAND N.V.,Foreign
85,2011,ROYAL BANK OF SCOTLAND N.V.,Foreign
85,2012,ROYAL BANK OF SCOTLAND N.V.,Foreign
85,2013,ROYAL BANK OF SCOTLAND N.V.,Foreign
85,2014,ROYAL BANK OF SCOTLAND N.V.,Foreign
85,2015,ROYAL BANK OF SCOTLAND N.V.,Foreign
86,2005,SANGLI BANK,Private
86,2006,SANGLI BANK,Private
86,2007,SANGLI BANK,Private
87,2012,SBERBANK,Foreign
87,2013,SBERBANK,Foreign
87,2014,SBERBANK,Foreign
87,2015,SBERBANK,Foreign
87,2016,SBERBANK,Foreign
87,2017,SBERBANK,Foreign
87,2018,SBERBANK,Foreign
87,2019,SBERBANK,Foreign
87,2020,SBERBANK,Foreign
88,2005,SBI COMMERCIAL & INTERNATIONAL BANK LTD,Private
88,2006,SBI COMMERCIAL & INTERNATIONAL BANK LTD,Private
88,2007,SBI COMMERCIAL & INTERNATIONAL BANK LTD,Private
88,2008,SBI COMMERCIAL & INTERNATIONAL BANK LTD,Private
88,2009,SBI COMMERCIAL & INTERNATIONAL BANK LTD,Private
88,2010,SBI COMMERCIAL & INTERNATIONAL BANK LTD,Private
88,2011,SBI COMMERCIAL & INTERNATIONAL BANK LTD,Private
89,2005,SBM BANK (INDIA) LTD,Foreign
89,2006,SBM BANK (INDIA) LTD,Foreign
89,2007,SBM BANK (INDIA) LTD,Foreign
89,2008,SBM BANK (INDIA) LTD,Foreign
89,2009,SBM BANK (INDIA) LTD,Foreign
89,2010,SBM BANK (INDIA) LTD,Foreign
89,2011,SBM BANK (INDIA) LTD,Foreign
89,2012,SBM BANK (INDIA) LTD,Foreign
89,2013,SBM BANK (INDIA) LTD,Foreign
89,2014,SBM BANK (INDIA) LTD,Foreign
89,2015,SBM BANK (INDIA) LTD,Foreign
89,2016,SBM BANK (INDIA) LTD,Foreign
89,2017,SBM BANK (INDIA) LTD,Foreign
89,2018,SBM BANK (INDIA) LTD,Foreign
89,2019,SBM BANK (INDIA) LTD,Foreign
89,2020,SBM BANK (INDIA) LTD,Foreign
90,2005,SHINHAN BANK,Foreign
90,2006,SHINHAN BANK,Foreign
90,2007,SHINHAN BANK,Foreign
90,2008,SHINHAN BANK,Foreign
90,2009,SHINHAN BANK,Foreign
90,2010,SHINHAN BANK,Foreign
90,2011,SHINHAN BANK,Foreign
90,2012,SHINHAN BANK,Foreign
90,2013,SHINHAN BANK,Foreign
90,2014,SHINHAN BANK,Foreign
90,2015,SHINHAN BANK,Foreign
90,2016,SHINHAN BANK,Foreign
90,2017,SHINHAN BANK,Foreign
90,2018,SHINHAN BANK,Foreign
90,2019,SHINHAN BANK,Foreign
90,2020,SHINHAN BANK,Foreign
91,2005,SOCIETE GENERALE,Foreign
91,2006,SOCIETE GENERALE,Foreign
91,2007,SOCIETE GENERALE,Foreign
91,2008,SOCIETE GENERALE,Foreign
91,2009,SOCIETE GENERALE,Foreign
91,2010,SOCIETE GENERALE,Foreign
91,2011,SOCIETE GENERALE,Foreign
91,2012,SOCIETE GENERALE,Foreign
91,2013,SOCIETE GENERALE,Foreign
91,2014,SOCIETE GENERALE,Foreign
91,2015,SOCIETE GENERALE,Foreign
91,2016,SOCIETE GENERALE,Foreign
91,2017,SOCIETE GENERALE,Foreign
91,2018,SOCIETE GENERALE,Foreign
91,2019,SOCIETE GENERALE,Foreign
91,2020,SOCIETE GENERALE,Foreign
92,2005,SONALI BANK,Foreign
92,2006,SONALI BANK,Foreign
92,2007,SONALI BANK,Foreign
92,2008,SONALI BANK,Foreign
92,2009,SONALI BANK,Foreign
92,2010,SONALI BANK,Foreign
92,2011,SONALI BANK,Foreign
92,2012,SONALI BANK,Foreign
92,2013,SONALI BANK,Foreign
92,2014,SONALI BANK,Foreign
92,2015,SONALI BANK,Foreign
92,2016,SONALI BANK,Foreign
92,2017,SONALI BANK,Foreign
92,2018,SONALI BANK,Foreign
92,2019,SONALI BANK,Foreign
92,2020,SONALI BANK,Foreign
93,2005,SOUTH INDIAN BANK,Private
93,2006,SOUTH INDIAN BANK,Private
93,2007,SOUTH INDIAN BANK,Private
93,2008,SOUTH INDIAN BANK,Private
93,2009,SOUTH INDIAN BANK,Private
93,2010,SOUTH INDIAN BANK,Private
93,2011,SOUTH INDIAN BANK,Private
93,2012,SOUTH INDIAN BANK,Private
93,2013,SOUTH INDIAN BANK,Private
93,2014,SOUTH INDIAN BANK,Private
93,2015,SOUTH INDIAN BANK,Private
93,2016,SOUTH INDIAN BANK,Private
93,2017,SOUTH INDIAN BANK,Private
93,2018,SOUTH INDIAN BANK,Private
93,2019,SOUTH INDIAN BANK,Private
93,2020,SOUTH INDIAN BANK,Private
94,2005,STANDARD CHARTERED BANK,Foreign
94,2006,STANDARD CHARTERED BANK,Foreign
94,2007,STANDARD CHARTERED BANK,Foreign
94,2008,STANDARD CHARTERED BANK,Foreign
94,2009,STANDARD CHARTERED BANK,Foreign
94,2010,STANDARD CHARTERED BANK,Foreign
94,2011,STANDARD CHARTERED BANK,Foreign
94,2012,STANDARD CHARTERED BANK,Foreign
94,2013,STANDARD CHARTERED BANK,Foreign
94,2014,STANDARD CHARTERED BANK,Foreign
94,2015,STANDARD CHARTERED BANK,Foreign
94,2016,STANDARD CHARTERED BANK,Foreign
94,2017,STANDARD CHARTERED BANK,Foreign
94,2018,STANDARD CHARTERED BANK,Foreign
94,2019,STANDARD CHARTERED BANK,Foreign
94,2020,STANDARD CHARTERED BANK,Foreign
95,2005,STATE BANK OF BIKANER AND JAIPUR,Public
95,2006,STATE BANK OF BIKANER AND JAIPUR,Public
95,2007,STATE BANK OF BIKANER AND JAIPUR,Public
95,2008,STATE BANK OF BIKANER AND JAIPUR,Public
95,2009,STATE BANK OF BIKANER AND JAIPUR,Public
95,2010,STATE BANK OF BIKANER AND JAIPUR,Public
95,2011,STATE BANK OF BIKANER AND JAIPUR,Public
95,2012,STATE BANK OF BIKANER AND JAIPUR,Public
95,2013,STATE BANK OF BIKANER AND JAIPUR,Public
95,2014,STATE BANK OF BIKANER AND JAIPUR,Public
95,2015,STATE BANK OF BIKANER AND JAIPUR,Public
95,2016,STATE BANK OF BIKANER AND JAIPUR,Public
95,2017,STATE BANK OF BIKANER AND JAIPUR,Public
96,2005,STATE BANK OF HYDERABAD,Public
96,2006,STATE BANK OF HYDERABAD,Public
96,2007,STATE BANK OF HYDERABAD,Public
96,2008,STATE BANK OF HYDERABAD,Public
96,2009,STATE BANK OF HYDERABAD,Public
96,2010,STATE BANK OF HYDERABAD,Public
96,2011,STATE BANK OF HYDERABAD,Public
96,2012,STATE BANK OF HYDERABAD,Public
96,2013,STATE BANK OF HYDERABAD,Public
96,2014,STATE BANK OF HYDERABAD,Public
96,2015,STATE BANK OF HYDERABAD,Public
96,2016,STATE BANK OF HYDERABAD,Public
96,2017,STATE BANK OF HYDERABAD,Public
97,2005,STATE BANK OF INDIA,Public
97,2006,STATE BANK OF INDIA,Public
97,2007,STATE BANK OF INDIA,Public
97,2008,STATE BANK OF INDIA,Public
97,2009,STATE BANK OF INDIA,Public
97,2010,STATE BANK OF INDIA,Public
97,2011,STATE BANK OF INDIA,Public
97,2012,STATE BANK OF INDIA,Public
97,2013,STATE BANK OF INDIA,Public
97,2014,STATE BANK OF INDIA,Public
97,2015,STATE BANK OF INDIA,Public
97,2016,STATE BANK OF INDIA,Public
97,2017,STATE BANK OF INDIA,Public
97,2018,STATE BANK OF INDIA,Public
97,2019,STATE BANK OF INDIA,Public
97,2020,STATE BANK OF INDIA,Public
98,2005,STATE BANK OF INDORE,Public
98,2006,STATE BANK OF INDORE,Public
98,2007,STATE BANK OF INDORE,Public
98,2008,STATE BANK OF INDORE,Public
98,2009,STATE BANK OF INDORE,Public
98,2010,STATE BANK OF INDORE,Public
99,2005,STATE BANK OF MYSORE,Public
99,2006,STATE BANK OF MYSORE,Public
99,2007,STATE BANK OF MYSORE,Public
99,2008,STATE BANK OF MYSORE,Public
99,2009,STATE BANK OF MYSORE,Public
99,2010,STATE BANK OF MYSORE,Public
99,2011,STATE BANK OF MYSORE,Public
99,2012,STATE BANK OF MYSORE,Public
99,2013,STATE BANK OF MYSORE,Public
99,2014,STATE BANK OF MYSORE,Public
99,2015,STATE BANK OF MYSORE,Public
99,2016,STATE BANK OF MYSORE,Public
99,2017,STATE BANK OF MYSORE,Public
100,2005,STATE BANK OF PATIALA,Public
100,2006,STATE BANK OF PATIALA,Public
100,2007,STATE BANK OF PATIALA,Public
100,2008,STATE BANK OF PATIALA,Public
100,2009,STATE BANK OF PATIALA,Public
100,2010,STATE BANK OF PATIALA,Public
100,2011,STATE BANK OF PATIALA,Public
100,2012,STATE BANK OF PATIALA,Public
100,2013,STATE BANK OF PATIALA,Public
100,2014,STATE BANK OF PATIALA,Public
100,2015,STATE BANK OF PATIALA,Public
100,2016,STATE BANK OF PATIALA,Public
100,2017,STATE BANK OF PATIALA,Public
101,2005,STATE BANK OF SAURASHTRA,Public
101,2006,STATE BANK OF SAURASHTRA,Public
101,2007,STATE BANK OF SAURASHTRA,Public
101,2008,STATE BANK OF SAURASHTRA,Public
102,2005,STATE BANK OF TRAVANCORE,Public
102,2006,STATE BANK OF TRAVANCORE,Public
102,2007,STATE BANK OF TRAVANCORE,Public
102,2008,STATE BANK OF TRAVANCORE,Public
102,2009,STATE BANK OF TRAVANCORE,Public
102,2010,STATE BANK OF TRAVANCORE,Public
102,2011,STATE BANK OF TRAVANCORE,Public
102,2012,STATE BANK OF TRAVANCORE,Public
102,2013,STATE BANK OF TRAVANCORE,Public
102,2014,STATE BANK OF TRAVANCORE,Public
102,2015,STATE BANK OF TRAVANCORE,Public
102,2016,STATE BANK OF TRAVANCORE,Public
102,2017,STATE BANK OF TRAVANCORE,Public
103,2013,SUMITOMO MITSUI BANKING CORPORATION,Foreign
103,2014,SUMITOMO MITSUI BANKING CORPORATION,Foreign
103,2015,SUMITOMO MITSUI BANKING CORPORATION,Foreign
103,2016,SUMITOMO MITSUI BANKING CORPORATION,Foreign
103,2017,SUMITOMO MITSUI BANKING CORPORATION,Foreign
103,2018,SUMITOMO MITSUI BANKING CORPORATION,Foreign
103,2019,SUMITOMO MITSUI BANKING CORPORATION,Foreign
103,2020,SUMITOMO MITSUI BANKING CORPORATION,Foreign
104,2005,SYNDICATE BANK,Public
104,2006,SYNDICATE BANK,Public
104,2007,SYNDICATE BANK,Public
104,2008,SYNDICATE BANK,Public
104,2009,SYNDICATE BANK,Public
104,2010,SYNDICATE BANK,Public
104,2011,SYNDICATE BANK,Public
104,2012,SYNDICATE BANK,Public
104,2013,SYNDICATE BANK,Public
104,2014,SYNDICATE BANK,Public
104,2015,SYNDICATE BANK,Public
104,2016,SYNDICATE BANK,Public
104,2017,SYNDICATE BANK,Public
104,2018,SYNDICATE BANK,Public
104,2019,SYNDICATE BANK,Public
104,2020,SYNDICATE BANK,Public
105,2005,TAMILNAD MERCANTILE BANK LTD,Private
105,2006,TAMILNAD MERCANTILE BANK LTD,Private
105,2007,TAMILNAD MERCANTILE BANK LTD,Private
105,2008,TAMILNAD MERCANTILE BANK LTD,Private
105,2009,TAMILNAD MERCANTILE BANK LTD,Private
105,2010,TAMILNAD MERCANTILE BANK LTD,Private
105,2011,TAMILNAD MERCANTILE BANK LTD,Private
105,2012,TAMILNAD MERCANTILE BANK LTD,Private
105,2013,TAMILNAD MERCANTILE BANK LTD,Private
105,2014,TAMILNAD MERCANTILE BANK LTD,Private
105,2015,TAMILNAD MERCANTILE BANK LTD,Private
105,2016,TAMILNAD MERCANTILE BANK LTD,Private
105,2017,TAMILNAD MERCANTILE BANK LTD,Private
105,2018,TAMILNAD MERCANTILE BANK LTD,Private
105,2019,TAMILNAD MERCANTILE BANK LTD,Private
105,2020,TAMILNAD MERCANTILE BANK LTD,Private
106,2009,UBS AG,Foreign
106,2010,UBS AG,Foreign
106,2011,UBS AG,Foreign
106,2012,UBS AG,Foreign
106,2013,UBS AG,Foreign
106,2014,UBS AG,Foreign
106,2015,UBS AG,Foreign
107,2005,UCO BANK,Public
107,2006,UCO BANK,Public
107,2007,UCO BANK,Public
107,2008,UCO BANK,Public
107,2009,UCO BANK,Public
107,2010,UCO BANK,Public
107,2011,UCO BANK,Public
107,2012,UCO BANK,Public
107,2013,UCO BANK,Public
107,2014,UCO BANK,Public
107,2015,UCO BANK,Public
107,2016,UCO BANK,Public
107,2017,UCO BANK,Public
107,2018,UCO BANK,Public
107,2019,UCO BANK,Public
107,2020,UCO BANK,Public
108,2005,UFJ BANK,Foreign
109,2005,UNION BANK OF INDIA,Public
109,2006,UNION BANK OF INDIA,Public
109,2007,UNION BANK OF INDIA,Public
109,2008,UNION BANK OF INDIA,Public
109,2009,UNION BANK OF INDIA,Public
109,2010,UNION BANK OF INDIA,Public
109,2011,UNION BANK OF INDIA,Public
109,2012,UNION BANK OF INDIA,Public
109,2013,UNION BANK OF INDIA,Public
109,2014,UNION BANK OF INDIA,Public
109,2015,UNION BANK OF INDIA,Public
109,2016,UNION BANK OF INDIA,Public
109,2017,UNION BANK OF INDIA,Public
109,2018,UNION BANK OF INDIA,Public
109,2019,UNION BANK OF INDIA,Public
109,2020,UNION BANK OF INDIA,Public
110,2005,UNITED BANK OF INDIA,Public
110,2006,UNITED BANK OF INDIA,Public
110,2007,UNITED BANK OF INDIA,Public
110,2008,UNITED BANK OF INDIA,Public
110,2009,UNITED BANK OF INDIA,Public
110,2010,UNITED BANK OF INDIA,Public
110,2011,UNITED BANK OF INDIA,Public
110,2012,UNITED BANK OF INDIA,Public
110,2013,UNITED BANK OF INDIA,Public
110,2014,UNITED BANK OF INDIA,Public
110,2015,UNITED BANK OF INDIA,Public
110,2016,UNITED BANK OF INDIA,Public
110,2017,UNITED BANK OF INDIA,Public
110,2018,UNITED BANK OF INDIA,Public
110,2019,UNITED BANK OF INDIA,Public
110,2020,UNITED BANK OF INDIA,Public
111,2011,UNITED OVERSEAS BANK LTD,Foreign
111,2012,UNITED OVERSEAS BANK LTD,Foreign
111,2013,UNITED OVERSEAS BANK LTD,Foreign
111,2014,UNITED OVERSEAS BANK LTD,Foreign
111,2015,UNITED OVERSEAS BANK LTD,Foreign
111,2016,UNITED OVERSEAS BANK LTD,Foreign
111,2017,UNITED OVERSEAS BANK LTD,Foreign
111,2018,UNITED OVERSEAS BANK LTD,Foreign
111,2019,UNITED OVERSEAS BANK LTD,Foreign
111,2020,UNITED OVERSEAS BANK LTD,Foreign
112,2005,UNITED WESTERN BANK,Private
112,2006,UNITED WESTERN BANK,Private
113,2005,VIJAYA BANK,Public
113,2006,VIJAYA BANK,Public
113,2007,VIJAYA BANK,Public
113,2008,VIJAYA BANK,Public
113,2009,VIJAYA BANK,Public
113,2010,VIJAYA BANK,Public
113,2011,VIJAYA BANK,Public
113,2012,VIJAYA BANK,Public
113,2013,VIJAYA BANK,Public
113,2014,VIJAYA BANK,Public
113,2015,VIJAYA BANK,Public
113,2016,VIJAYA BANK,Public
113,2017,VIJAYA BANK,Public
113,2018,VIJAYA BANK,Public
113,2019,VIJAYA BANK,Public
114,2013,WESTPAC BANKING CORPORATION,Foreign
114,2014,WESTPAC BANKING CORPORATION,Foreign
114,2015,WESTPAC BANKING CORPORATION,Foreign
114,2016,WESTPAC BANKING CORPORATION,Foreign
114,2017,WESTPAC BANKING CORPORATION,Foreign
114,2018,WESTPAC BANKING CORPORATION,Foreign
114,2019,WESTPAC BANKING CORPORATION,Foreign
114,2020,WESTPAC BANKING CORPORATION,Foreign
115,2012,WOORI BANK,Foreign
115,2013,WOORI BANK,Foreign
115,2014,WOORI BANK,Foreign
115,2015,WOORI BANK,Foreign
115,2016,WOORI BANK,Foreign
115,2017,WOORI BANK,Foreign
115,2018,WOORI BANK,Foreign
115,2019,WOORI BANK,Foreign
115,2020,WOORI BANK,Foreign
116,2005,YES BANK LTD.,Private
116,2006,YES BANK LTD.,Private
116,2007,YES BANK LTD.,Private
116,2008,YES BANK LTD.,Private
116,2009,YES BANK LTD.,Private
116,2010,YES BANK LTD.,Private
116,2011,YES BANK LTD.,Private
116,2012,YES BANK LTD.,Private
116,2013,YES BANK LTD.,Private
116,2014,YES BANK LTD.,Private
116,2015,YES BANK LTD.,Private
116,2016,YES BANK LTD.,Private
116,2017,YES BANK LTD.,Private
116,2018,YES BANK LTD.,Private
116,2019,YES BANK LTD.,Private
116,2020,YES BANK LTD.,Private
1,2010,AB BANK LTD.,Foreign
1,2011,AB BANK LTD.,Foreign
1,2012,AB BANK LTD.,Foreign
1,2013,AB BANK LTD.,Foreign
1,2014,AB BANK LTD.,Foreign
1,2015,AB BANK LTD.,Foreign
1,2016,AB BANK LTD.,Foreign
1,2017,AB BANK LTD.,Foreign
1,2018,AB BANK LTD.,Foreign
38,2015,DENA BANK,Public
38,2016,DENA BANK,Public
38,2017,DENA BANK,Public
38,2018,DENA BANK,Public
38,2019,DENA BANK,Public
39,2005,DEUTSCHE BANK AG,Foreign
39,2006,DEUTSCHE BANK AG,Foreign
39,2007,DEUTSCHE BANK AG,Foreign
39,2008,DEUTSCHE BANK AG,Foreign
39,2009,DEUTSCHE BANK AG,Foreign
39,2010,DEUTSCHE BANK AG,Foreign
39,2011,DEUTSCHE BANK AG,Foreign
39,2012,DEUTSCHE BANK AG,Foreign
39,2013,DEUTSCHE BANK AG,Foreign
39,2014,DEUTSCHE BANK AG,Foreign
109,2016,UNION BANK OF INDIA,Public
109,2017,UNION BANK OF INDIA,Public
109,2018,UNION BANK OF INDIA,Public
109,2019,UNION BANK OF INDIA,Public
109,2020,UNION BANK OF INDIA,Public
110,2005,UNITED BANK OF INDIA,Public
110,2006,UNITED BANK OF INDIA,Public
110,2007,UNITED BANK OF INDIA,Public
110,2008,UNITED BANK OF INDIA,Public
110,2009,UNITED BANK OF INDIA,Public
110,2010,UNITED BANK OF INDIA,Public
110,2011,UNITED BANK OF INDIA,Public
110,2012,UNITED BANK OF INDIA,Public
110,2013,UNITED BANK OF INDIA,Public
110,2014,UNITED BANK OF INDIA,Public
110,2015,UNITED BANK OF INDIA,Public
1,2019,AB BANK LTD.,Foreign
1,2020,AB BANK LTD.,Foreign
2,2005,ABU DHABI COMMERCIAL BANK,Foreign
2,2006,ABU DHABI COMMERCIAL BANK,Foreign
2,2007,ABU DHABI COMMERCIAL BANK,Foreign
2,2008,ABU DHABI COMMERCIAL BANK,Foreign
2,2009,ABU DHABI COMMERCIAL BANK,Foreign
2,2010,ABU DHABI COMMERCIAL BANK,Foreign
2,2011,ABU DHABI COMMERCIAL BANK,Foreign
2,2012,ABU DHABI COMMERCIAL BANK,Foreign
2,2013,ABU DHABI COMMERCIAL BANK,Foreign
40,2013,DHANLAXMI BANK,Private
40,2014,DHANLAXMI BANK,Private
40,2015,DHANLAXMI BANK,Private
40,2016,DHANLAXMI BANK,Private
40,2017,DHANLAXMI BANK,Private
40,2018,DHANLAXMI BANK,Private
40,2019,DHANLAXMI BANK,Private
40,2020,DHANLAXMI BANK,Private
41,2015,DOHA BANK Q.P.S.C,Foreign
41,2016,DOHA BANK Q.P.S.C,Foreign
41,2017,DOHA BANK Q.P.S.C,Foreign
41,2018,DOHA BANK Q.P.S.C,Foreign
41,2019,DOHA BANK Q.P.S.C,Foreign
41,2020,DOHA BANK Q.P.S.C,Foreign
42,2018,EMIRATES NBD BANK (P.J.S.C.),Foreign
42,2019,EMIRATES NBD BANK (P.J.S.C.),Foreign
42,2020,EMIRATES NBD BANK (P.J.S.C.),Foreign
43,2005,FEDERAL BANK,Private
43,2006,FEDERAL BANK,Private
43,2007,FEDERAL BANK,Private
43,2008,FEDERAL BANK,Private
43,2009,FEDERAL BANK,Private
43,2010,FEDERAL BANK,Private
43,2011,FEDERAL BANK,Private
43,2012,FEDERAL BANK,Private
43,2013,FEDERAL BANK,Private
43,2014,FEDERAL BANK,Private
43,2015,FEDERAL BANK,Private
43,2016,FEDERAL BANK,Private
43,2017,FEDERAL BANK,Private
43,2018,FEDERAL BANK,Private
43,2019,FEDERAL BANK,Private
43,2020,FEDERAL BANK,Private
44,2016,FIRST ABU DHABI BANK PJSC,Foreign
44,2017,FIRST ABU DHABI BANK PJSC,Foreign
44,2018,FIRST ABU DHABI BANK PJSC,Foreign
44,2019,FIRST ABU DHABI BANK PJSC,Foreign
44,2020,FIRST ABU DHABI BANK PJSC,Foreign
45,2010,FIRSTRAND BANK LTD,Foreign
45,2011,FIRSTRAND BANK LTD,Foreign
45,2012,FIRSTRAND BANK LTD,Foreign
45,2013,FIRSTRAND BANK LTD,Foreign
45,2014,FIRSTRAND BANK LTD,Foreign
45,2015,FIRSTRAND BANK LTD,Foreign
45,2016,FIRSTRAND BANK LTD,Foreign
45,2017,FIRSTRAND BANK LTD,Foreign
45,2018,FIRSTRAND BANK LTD,Foreign
45,2019,FIRSTRAND BANK LTD,Foreign
45,2020,FIRSTRAND BANK LTD,Foreign
46,2005,GANESH BANK OF KURUNDWAD,Private
46,2006,GANESH BANK OF KURUNDWAD,Private
47,2005,HDFC BANK,Private
47,2006,HDFC BANK,Private
47,2007,HDFC BANK,Private
47,2008,HDFC BANK,Private
47,2009,HDFC BANK,Private
47,2010,HDFC BANK,Private
47,2011,HDFC BANK,Private
47,2012,HDFC BANK,Private
47,2013,HDFC BANK,Private
47,2014,HDFC BANK,Private
47,2015,HDFC BANK,Private
47,2016,HDFC BANK,Private
47,2017,HDFC BANK,Private
47,2018,HDFC BANK,Private
47,2019,HDFC BANK,Private
47,2020,HDFC BANK,Private
48,2005,HONGKONG AND SHANGHAI BANKING CORPN.LTD.,Foreign
48,2006,HONGKONG AND SHANGHAI BANKING CORPN.LTD.,Foreign
48,2007,HONGKONG AND SHANGHAI BANKING CORPN.LTD.,Foreign
48,2008,HONGKONG AND SHANGHAI BANKING CORPN.LTD.,Foreign
48,2009,HONGKONG AND SHANGHAI BANKING CORPN.LTD.,Foreign
48,2010,HONGKONG AND SHANGHAI BANKING CORPN.LTD.,Foreign
48,2011,HONGKONG AND SHANGHAI BANKING CORPN.LTD.,Foreign
48,2012,HONGKONG AND SHANGHAI BANKING CORPN.LTD.,Foreign
48,2013,HONGKONG AND SHANGHAI BANKING CORPN.LTD.,Foreign
48,2014,HONGKONG AND SHANGHAI BANKING CORPN.LTD.,Foreign
48,2015,HONGKONG AND SHANGHAI BANKING CORPN.LTD.,Foreign
48,2016,HONGKONG AND SHANGHAI BANKING CORPN.LTD.,Foreign
48,2017,HONGKONG AND SHANGHAI BANKING CORPN.LTD.,Foreign
48,2018,HONGKONG AND SHANGHAI BANKING CORPN.LTD.,Foreign
48,2019,HONGKONG AND SHANGHAI BANKING CORPN.LTD.,Foreign
48,2020,HONGKONG AND SHANGHAI BANKING CORPN.LTD.,Foreign
49,2005,HSBC BANK OMAN S.A.O.G.,Foreign
49,2006,HSBC BANK OMAN S.A.O.G.,Foreign
49,2007,HSBC BANK OMAN S.A.O.G.,Foreign
49,2008,HSBC BANK OMAN S.A.O.G.,Foreign
49,2009,HSBC BANK OMAN S.A.O.G.,Foreign
49,2010,HSBC BANK OMAN S.A.O.G.,Foreign
49,2011,HSBC BANK OMAN S.A.O.G.,Foreign
49,2012,HSBC BANK OMAN S.A.O.G.,Foreign
49,2013,HSBC BANK OMAN S.A.O.G.,Foreign
49,2014,HSBC BANK OMAN S.A.O.G.,Foreign
49,2015,HSBC BANK OMAN S.A.O.G.,Foreign
50,2005,ICICI BANK,Private
50,2006,ICICI BANK,Private
